{
  "train_loss": [
    0.9272655749957136,
    0.46961340063870277,
    0.4423611167780853,
    0.43351597737085884,
    0.42928604997135555,
    0.42683123710168397,
    0.42527902797037376,
    0.4242392081165166,
    0.42342594897479674,
    0.42258331414718364,
    0.4224918789625721,
    0.42188133473370487,
    0.42168092796808054,
    0.4217666432503481,
    0.4215569796713396
  ],
  "val_loss": [
    0.48654434824237214,
    0.44549984984640933,
    0.4360690380626828,
    0.42748740951273967,
    0.4251963982697161,
    0.42331147435876126,
    0.4239122471833046,
    0.42383466384730256,
    0.4241817345154624,
    0.4232131323139034,
    0.4234732076102245,
    0.42284472673176965,
    0.42302184272683524,
    0.4228503705549735,
    0.422769450501488
  ],
  "train_context_acc": [
    76.47428460943541,
    98.16802010827533,
    99.20485305491106,
    99.53837973704563,
    99.69547563805105,
    99.80181747873164,
    99.8646558391338,
    99.86948955916473,
    99.89849187935035,
    99.9250773395205,
    99.91540989945862,
    99.94441221964424,
    99.94924593967517,
    99.94199535962876,
    99.95407965970611
  ],
  "train_severity_acc": [
    77.93406805877804,
    98.83507347254447,
    99.67130703789636,
    99.84532095901005,
    99.90332559938129,
    99.93474477958236,
    99.95407965970611,
    99.97583139984532,
    99.98308197989172,
    99.99033255993814,
    99.99516627996906,
    99.99758313998454,
    99.99516627996906,
    99.99758313998454,
    99.99758313998454
  ],
  "val_context_acc": [
    97.46278755074425,
    98.74830852503383,
    99.03022101939558,
    99.45872801082544,
    99.54894000902121,
    99.68425800631483,
    99.69553450608932,
    99.62787550744248,
    99.58276950834461,
    99.6617050067659,
    99.62787550744248,
    99.6617050067659,
    99.69553450608932,
    99.68425800631483,
    99.68425800631483
  ],
  "val_severity_acc": [
    96.76364456472712,
    99.41362201172757,
    99.67298150654037,
    99.85340550293189,
    99.87595850248083,
    99.87595850248083,
    99.86468200270636,
    99.86468200270636,
    99.89851150202978,
    99.87595850248083,
    99.87595850248083,
    99.88723500225531,
    99.88723500225531,
    99.88723500225531,
    99.88723500225531
  ],
  "learning_rate": [
    1.333677153171738e-05,
    1.9932282941876124e-05,
    1.9396652604122593e-05,
    1.8354475180923178e-05,
    1.686193152289351e-05,
    1.4999480456354778e-05,
    1.2867521474540016e-05,
    1.0580982483590463e-05,
    8.263124362717053e-06,
    6.03889631724535e-06,
    4.028200218753153e-06,
    2.339427032759579e-06,
    1.0636137669506342e-06,
    2.6953592241116043e-07,
    0.0
  ],
  "epoch_time": [
    162.85671424865723,
    171.99483704566956,
    173.71260142326355,
    167.50047850608826,
    164.222496509552,
    166.3037235736847,
    170.08397126197815,
    170.58867478370667,
    169.40239882469177,
    168.44374132156372,
    166.63314867019653,
    164.38594222068787,
    163.29466342926025,
    162.52395391464233,
    163.5680844783783
  ]
}